-- phpMyAdmin SQL Dump
-- version 4.5.1
-- http://www.phpmyadmin.net
--
-- Host: 127.0.0.1
-- Generation Time: Jun 26, 2017 at 08:01 PM
-- Server version: 10.1.13-MariaDB
-- PHP Version: 5.6.23

SET SQL_MODE = "NO_AUTO_VALUE_ON_ZERO";
SET time_zone = "+00:00";


/*!40101 SET @OLD_CHARACTER_SET_CLIENT=@@CHARACTER_SET_CLIENT */;
/*!40101 SET @OLD_CHARACTER_SET_RESULTS=@@CHARACTER_SET_RESULTS */;
/*!40101 SET @OLD_COLLATION_CONNECTION=@@COLLATION_CONNECTION */;
/*!40101 SET NAMES utf8mb4 */;

--
-- Database: `rems`
--

-- --------------------------------------------------------

--
-- Table structure for table `dc_appearance`
--

CREATE TABLE `dc_appearance` (
  `id` int(100) NOT NULL,
  `name` varchar(250) NOT NULL,
  `logo` text NOT NULL,
  `date_created` datetime NOT NULL,
  `date_modified` datetime DEFAULT NULL,
  `id_creator` int(250) NOT NULL,
  `id_modifier` int(250) DEFAULT NULL
) ENGINE=InnoDB DEFAULT CHARSET=latin1;

--
-- Dumping data for table `dc_appearance`
--

INSERT INTO `dc_appearance` (`id`, `name`, `logo`, `date_created`, `date_modified`, `id_creator`, `id_modifier`) VALUES
(1, 'Real Estate Management System', '57e8e71225c76-original_-_Copy.png', '0000-00-00 00:00:00', '2017-05-27 19:48:57', 0, 1);

-- --------------------------------------------------------

--
-- Table structure for table `dc_area`
--

CREATE TABLE `dc_area` (
  `id` int(11) NOT NULL,
  `name` varchar(45) DEFAULT NULL,
  `area_size` int(11) DEFAULT NULL,
  `address` text,
  `date_created` datetime DEFAULT NULL,
  `date_modified` datetime DEFAULT NULL,
  `id_creator` int(11) DEFAULT NULL,
  `id_modifier` int(11) DEFAULT NULL
) ENGINE=InnoDB DEFAULT CHARSET=latin1;

--
-- Dumping data for table `dc_area`
--

INSERT INTO `dc_area` (`id`, `name`, `area_size`, `address`, `date_created`, `date_modified`, `id_creator`, `id_modifier`) VALUES
(1, 'dadas', 423432, 'lorem ipsum dolor amet', '2017-05-29 15:20:12', NULL, 1, NULL);

-- --------------------------------------------------------

--
-- Table structure for table `dc_area_album`
--

CREATE TABLE `dc_area_album` (
  `id` int(11) NOT NULL,
  `area_id` int(11) NOT NULL,
  `filename` text NOT NULL,
  `caption` varchar(45) NOT NULL,
  `date_created` datetime DEFAULT NULL,
  `date_modified` datetime DEFAULT NULL,
  `id_creator` int(11) DEFAULT NULL,
  `id_modifier` int(11) DEFAULT NULL
) ENGINE=InnoDB DEFAULT CHARSET=latin1;

--
-- Dumping data for table `dc_area_album`
--

INSERT INTO `dc_area_album` (`id`, `area_id`, `filename`, `caption`, `date_created`, `date_modified`, `id_creator`, `id_modifier`) VALUES
(1, 1, 'IMG_2027.jpg', 'a', '2017-05-29 15:34:13', NULL, 1, NULL);

-- --------------------------------------------------------

--
-- Table structure for table `dc_customer`
--

CREATE TABLE `dc_customer` (
  `id` int(11) NOT NULL,
  `name` varchar(45) NOT NULL,
  `gender` varchar(45) NOT NULL,
  `date_of_birth` datetime NOT NULL,
  `address` text NOT NULL,
  `phone` varchar(45) NOT NULL,
  `email` varchar(45) NOT NULL,
  `no_ktp` varchar(45) NOT NULL,
  `no_npwp` varchar(45) NOT NULL,
  `pekerjaan` varchar(45) NOT NULL,
  `nama_kantor` varchar(45) NOT NULL,
  `alamat_kantor` text NOT NULL,
  `photo` text NOT NULL,
  `date_created` datetime NOT NULL,
  `date_modified` datetime NOT NULL,
  `id_creator` int(11) NOT NULL,
  `id_modifier` int(11) NOT NULL
) ENGINE=InnoDB DEFAULT CHARSET=latin1;

--
-- Dumping data for table `dc_customer`
--

INSERT INTO `dc_customer` (`id`, `name`, `gender`, `date_of_birth`, `address`, `phone`, `email`, `no_ktp`, `no_npwp`, `pekerjaan`, `nama_kantor`, `alamat_kantor`, `photo`, `date_created`, `date_modified`, `id_creator`, `id_modifier`) VALUES
(1, 'Ilham Mudzakir', 'Male', '2017-06-15 00:00:00', 'gfgd', '543534', 'ilhamudzakir@gmail.com', '065114430', '37289', 'dada', 'hdask', 'gfdgfd', 'IMG_0056.JPG', '2017-06-15 17:06:54', '2017-06-15 17:06:54', 1, 1),
(2, '', '', '0000-00-00 00:00:00', '', '', '', '', '', '', '', '', '', '2017-06-15 22:48:35', '2017-06-15 22:48:35', 1, 1),
(3, ' minks', '', '0000-00-00 00:00:00', 'xvcxvxcv', '09876543211', 'minks@gmail.com', '', '', '', 'cxvxcxcv', '', '', '0000-00-00 00:00:00', '0000-00-00 00:00:00', 0, 0),
(4, ' dfdgdg', '', '0000-00-00 00:00:00', 'ghhjfdg', '3456789765', 'dianzsaint27@gmail.com', '', '', '', 'ghhhjfgffh', '', '', '0000-00-00 00:00:00', '0000-00-00 00:00:00', 0, 0),
(5, ' surti', '', '0000-00-00 00:00:00', 'ghghfh', '234353454', 'kandidat@gmail.com', '', '', '', 'gfhfhfg', '', '', '0000-00-00 00:00:00', '0000-00-00 00:00:00', 0, 0),
(6, 'surti', '', '0000-00-00 00:00:00', 'ssjfldkfglsg', '03908348509', 'supri@gmail.com', '', '', '', 'ljldfglksj', '', '', '0000-00-00 00:00:00', '0000-00-00 00:00:00', 0, 0),
(7, ' surti', '', '0000-00-00 00:00:00', 'gdfhghdh', '09876543', 'surti@gmail.com', '', '', '', 'fghfghfgh', '', '', '0000-00-00 00:00:00', '0000-00-00 00:00:00', 0, 0);

-- --------------------------------------------------------

--
-- Table structure for table `dc_customer_album`
--

CREATE TABLE `dc_customer_album` (
  `id` int(11) NOT NULL,
  `customer_id` int(11) NOT NULL,
  `filename` text NOT NULL,
  `caption` varchar(200) NOT NULL,
  `date_created` datetime DEFAULT NULL,
  `date_modified` datetime DEFAULT NULL,
  `id_creator` int(11) DEFAULT NULL,
  `id_modifier` int(11) DEFAULT NULL
) ENGINE=InnoDB DEFAULT CHARSET=latin1;

-- --------------------------------------------------------

--
-- Table structure for table `dc_data_sales`
--

CREATE TABLE `dc_data_sales` (
  `id` int(11) NOT NULL,
  `user_id` int(11) NOT NULL,
  `commision` decimal(10,3) NOT NULL,
  `id_creator` int(11) NOT NULL,
  `date_created` datetime NOT NULL,
  `id_modifier` int(11) DEFAULT NULL,
  `date_modified` datetime DEFAULT NULL
) ENGINE=MyISAM DEFAULT CHARSET=latin1;

-- --------------------------------------------------------

--
-- Table structure for table `dc_default`
--

CREATE TABLE `dc_default` (
  `id` int(100) NOT NULL,
  `name_group` varchar(250) NOT NULL,
  `date_created` datetime NOT NULL,
  `date_modified` datetime DEFAULT NULL,
  `id_creator` int(250) NOT NULL,
  `id_modifier` int(250) DEFAULT NULL
) ENGINE=InnoDB DEFAULT CHARSET=latin1;

-- --------------------------------------------------------

--
-- Table structure for table `dc_groups`
--

CREATE TABLE `dc_groups` (
  `id` int(100) NOT NULL,
  `name_group` varchar(250) NOT NULL,
  `date_created` datetime NOT NULL,
  `date_modified` datetime DEFAULT NULL,
  `id_creator` int(250) NOT NULL,
  `id_modifier` int(250) DEFAULT NULL
) ENGINE=InnoDB DEFAULT CHARSET=latin1;

--
-- Dumping data for table `dc_groups`
--

INSERT INTO `dc_groups` (`id`, `name_group`, `date_created`, `date_modified`, `id_creator`, `id_modifier`) VALUES
(1, 'Super Admin', '2017-04-13 12:29:39', NULL, 1, NULL),
(5, 'Admin', '2017-04-13 15:24:27', NULL, 1, NULL),
(6, 'Sales', '2017-06-15 14:06:58', NULL, 1, NULL),
(7, 'Atasan', '2017-06-15 14:07:06', NULL, 1, NULL),
(8, 'Chasier', '2017-06-15 14:07:16', NULL, 1, NULL);

-- --------------------------------------------------------

--
-- Table structure for table `dc_icons`
--

CREATE TABLE `dc_icons` (
  `id` int(100) NOT NULL,
  `name_icons` varchar(250) NOT NULL,
  `date_created` datetime NOT NULL,
  `date_modified` datetime NOT NULL,
  `id_creator` int(250) NOT NULL,
  `id_modifier` int(250) NOT NULL
) ENGINE=InnoDB DEFAULT CHARSET=latin1;

--
-- Dumping data for table `dc_icons`
--

INSERT INTO `dc_icons` (`id`, `name_icons`, `date_created`, `date_modified`, `id_creator`, `id_modifier`) VALUES
(1, 'fa fa-file-text', '0000-00-00 00:00:00', '0000-00-00 00:00:00', 0, 0),
(2, 'icon-custom-home', '0000-00-00 00:00:00', '0000-00-00 00:00:00', 0, 0),
(3, 'icon-custom-thumb', '0000-00-00 00:00:00', '0000-00-00 00:00:00', 0, 0),
(4, 'icon-custom-settings', '0000-00-00 00:00:00', '0000-00-00 00:00:00', 0, 0),
(5, 'fa fa-adjust', '0000-00-00 00:00:00', '0000-00-00 00:00:00', 0, 0),
(6, 'fa fa-anchor', '0000-00-00 00:00:00', '0000-00-00 00:00:00', 0, 0),
(7, 'fa fa-archive', '0000-00-00 00:00:00', '0000-00-00 00:00:00', 0, 0),
(8, 'fa fa-arrows', '0000-00-00 00:00:00', '0000-00-00 00:00:00', 0, 0),
(9, 'fa fa-arrows-h', '0000-00-00 00:00:00', '0000-00-00 00:00:00', 0, 0),
(10, 'fa fa-arrows-v', '0000-00-00 00:00:00', '0000-00-00 00:00:00', 0, 0),
(11, 'fa fa-asterisk', '0000-00-00 00:00:00', '0000-00-00 00:00:00', 0, 0),
(12, 'fa fa-ban', '0000-00-00 00:00:00', '0000-00-00 00:00:00', 0, 0),
(13, 'fa fa-bar-chart-o', '0000-00-00 00:00:00', '0000-00-00 00:00:00', 0, 0),
(14, 'fa fa-barcode', '0000-00-00 00:00:00', '0000-00-00 00:00:00', 0, 0),
(15, 'fa fa-bars', '0000-00-00 00:00:00', '0000-00-00 00:00:00', 0, 0),
(16, 'fa fa-beer', '0000-00-00 00:00:00', '0000-00-00 00:00:00', 0, 0),
(17, 'fa fa-bell', '0000-00-00 00:00:00', '0000-00-00 00:00:00', 0, 0),
(18, 'fa fa-bell-o', '0000-00-00 00:00:00', '0000-00-00 00:00:00', 0, 0),
(19, 'fa fa-bolt', '0000-00-00 00:00:00', '0000-00-00 00:00:00', 0, 0),
(20, 'fa fa-book', '0000-00-00 00:00:00', '0000-00-00 00:00:00', 0, 0),
(21, 'fa fa-bookmark', '0000-00-00 00:00:00', '0000-00-00 00:00:00', 0, 0),
(22, 'fa fa-bookmark-o', '0000-00-00 00:00:00', '0000-00-00 00:00:00', 0, 0),
(23, 'fa fa-briefcase', '0000-00-00 00:00:00', '0000-00-00 00:00:00', 0, 0),
(24, 'fa fa-bug', '0000-00-00 00:00:00', '0000-00-00 00:00:00', 0, 0),
(25, 'fa fa-building-o', '0000-00-00 00:00:00', '0000-00-00 00:00:00', 0, 0),
(26, 'fa fa-bullhorn', '0000-00-00 00:00:00', '0000-00-00 00:00:00', 0, 0),
(27, 'fa fa-bullseye', '0000-00-00 00:00:00', '0000-00-00 00:00:00', 0, 0),
(28, 'fa fa-calendar', '0000-00-00 00:00:00', '0000-00-00 00:00:00', 0, 0),
(29, 'fa fa-calendar-o', '0000-00-00 00:00:00', '0000-00-00 00:00:00', 0, 0),
(30, 'fa fa-camera', '0000-00-00 00:00:00', '0000-00-00 00:00:00', 0, 0),
(31, 'fa fa-envelope', '0000-00-00 00:00:00', '0000-00-00 00:00:00', 0, 0);

-- --------------------------------------------------------

--
-- Table structure for table `dc_kontrak`
--

CREATE TABLE `dc_kontrak` (
  `id` int(11) NOT NULL,
  `kontrak_type_id` int(11) NOT NULL,
  `customer_id` int(11) NOT NULL,
  `sales_id` int(11) NOT NULL,
  `payment_scheme_id` int(11) NOT NULL,
  `no_kontrak` varchar(45) NOT NULL,
  `price` bigint(20) NOT NULL,
  `date_end` datetime DEFAULT NULL,
  `sisa_hutang` bigint(20) NOT NULL,
  `is_signed` tinyint(4) NOT NULL,
  `is_delete` int(1) DEFAULT '0',
  `date_created` datetime DEFAULT NULL,
  `date_modified` datetime DEFAULT NULL,
  `id_creator` int(11) DEFAULT NULL,
  `id_modifier` int(11) DEFAULT NULL
) ENGINE=InnoDB DEFAULT CHARSET=latin1;

--
-- Dumping data for table `dc_kontrak`
--

INSERT INTO `dc_kontrak` (`id`, `kontrak_type_id`, `customer_id`, `sales_id`, `payment_scheme_id`, `no_kontrak`, `price`, `date_end`, `sisa_hutang`, `is_signed`, `is_delete`, `date_created`, `date_modified`, `id_creator`, `id_modifier`) VALUES
(13, 1, 1, 3, 1, '00000013', 7879879, NULL, 6879879, 0, 0, '2017-06-15 17:48:18', '2017-06-15 17:48:18', 1, 1),
(14, 1, 1, 3, 1, '00000014', 7879879, NULL, 7878559, 0, 0, '2017-06-15 17:49:58', '2017-06-15 17:49:58', 1, 1),
(15, 1, 1, 3, 1, '00000015', 7879879, NULL, 7878879, 0, 0, '2017-06-15 17:52:02', '2017-06-15 17:52:02', 1, 1),
(16, 1, 1, 3, 1, '00000013', 7879879, NULL, 6879879, 0, 0, NULL, '2017-06-15 22:34:19', 1, 1),
(17, 1, 1, 3, 1, '00000013', 7879879, NULL, 6879879, 0, 0, NULL, '2017-06-15 22:34:52', 1, 1),
(18, 1, 1, 3, 1, '00000013', 7879879, NULL, 6879879, 0, 0, NULL, '2017-06-15 22:36:09', 1, 1),
(19, 1, 1, 3, 1, '00000013', 7879879, NULL, 6879879, 0, 0, NULL, '2017-06-15 22:36:51', 1, 1),
(20, 1, 1, 3, 1, '00000013', 7879879, NULL, 6879879, 1, 0, NULL, '2017-06-15 22:37:52', 1, 1),
(21, 1, 1, 3, 1, '00000013', 7879879, NULL, 6879879, 1, 0, NULL, '2017-06-15 22:37:54', 1, 1),
(22, 1, 1, 3, 1, '00000013', 7879879, NULL, 6879879, 1, 0, NULL, '2017-06-15 22:37:54', 1, 1),
(23, 1, 1, 3, 1, '00000013', 7879879, NULL, 6879879, 1, 0, NULL, '2017-06-15 22:37:55', 1, 1),
(24, 1, 1, 3, 1, '00000013', 7879879, NULL, 6879879, 1, 0, NULL, '2017-06-15 22:38:10', 1, 1),
(25, 1, 1, 3, 1, '00000013', 7879879, NULL, 6879879, 1, 0, NULL, '2017-06-15 22:38:12', 1, 1),
(26, 1, 1, 3, 1, '00000013', 7879879, NULL, 6879879, 1, 0, NULL, '2017-06-15 22:42:30', 1, 1),
(27, 1, 1, 3, 1, '231739821', 7879879, NULL, 6879879, 0, 0, '2017-06-21 11:30:21', '2017-06-21 11:30:21', 1, 1),
(28, 1, 1, 3, 1, '00000028', 7879879, NULL, 5879879, 0, 0, '2017-06-21 15:06:06', '2017-06-21 15:06:06', 1, 1),
(29, 1, 1, 3, 1, '2313423', 7879879, NULL, 5879879, 0, 0, '2017-06-21 15:09:10', '2017-06-21 15:09:10', 1, 1),
(35, 0, 0, 0, 0, '', 0, NULL, 0, 0, 1, '2017-06-21 15:41:16', NULL, 1, NULL),
(36, 0, 0, 0, 0, '', 0, NULL, 0, 0, 1, '2017-06-21 15:49:29', NULL, 1, NULL),
(37, 1, 1, 3, 1, '00000037', 7879879, '2017-09-19 00:00:00', 6879879, 0, 0, '2017-06-21 15:51:10', '2017-06-21 15:51:10', 1, 1);

-- --------------------------------------------------------

--
-- Table structure for table `dc_kontrak_payment_record`
--

CREATE TABLE `dc_kontrak_payment_record` (
  `id` int(11) NOT NULL,
  `kontrak_payment_schedule_id` int(11) NOT NULL,
  `no_invoice` char(9) NOT NULL,
  `rekening_id` int(11) NOT NULL,
  `nominal` int(11) NOT NULL,
  `payment_type` int(11) NOT NULL,
  `date_created` datetime DEFAULT NULL,
  `date_modified` datetime DEFAULT NULL,
  `id_creator` int(11) DEFAULT NULL,
  `id_modifier` int(11) DEFAULT NULL
) ENGINE=InnoDB DEFAULT CHARSET=latin1;

-- --------------------------------------------------------

--
-- Table structure for table `dc_kontrak_payment_schedule`
--

CREATE TABLE `dc_kontrak_payment_schedule` (
  `id` int(11) NOT NULL,
  `kontrak_id` int(11) NOT NULL,
  `payment_type` int(11) NOT NULL,
  `title` varchar(45) NOT NULL,
  `jatuh_tempo` datetime NOT NULL,
  `nominal` bigint(20) NOT NULL,
  `nominal_paid` bigint(20) NOT NULL,
  `date_payment` datetime NOT NULL,
  `status` int(11) NOT NULL,
  `date_created` datetime DEFAULT NULL,
  `date_modified` datetime DEFAULT NULL,
  `id_creator` int(11) DEFAULT NULL,
  `id_modifier` int(11) DEFAULT NULL
) ENGINE=InnoDB DEFAULT CHARSET=latin1;

--
-- Dumping data for table `dc_kontrak_payment_schedule`
--

INSERT INTO `dc_kontrak_payment_schedule` (`id`, `kontrak_id`, `payment_type`, `title`, `jatuh_tempo`, `nominal`, `nominal_paid`, `date_payment`, `status`, `date_created`, `date_modified`, `id_creator`, `id_modifier`) VALUES
(1, 15, 1, 'Booking Fee', '2017-06-15 17:52:02', 1000, 0, '0000-00-00 00:00:00', 0, '2017-06-15 17:52:02', NULL, 1, NULL),
(2, 15, 2, 'DP - 1', '2017-07-15 00:00:00', 1365842, 0, '0000-00-00 00:00:00', 0, '2017-06-15 17:52:03', NULL, 1, NULL),
(3, 15, 2, 'DP - 2', '2017-08-14 00:00:00', 1365842, 0, '0000-00-00 00:00:00', 0, '2017-06-15 17:52:03', NULL, 1, NULL),
(4, 15, 2, 'DP - 3', '2017-09-13 00:00:00', 1365842, 0, '0000-00-00 00:00:00', 0, '2017-06-15 17:52:03', NULL, 1, NULL),
(5, 15, 2, 'DP - 4', '2017-10-13 00:00:00', 1365842, 0, '0000-00-00 00:00:00', 0, '2017-06-15 17:52:03', NULL, 1, NULL),
(6, 15, 2, 'DP - 5', '2017-11-12 00:00:00', 1365842, 0, '0000-00-00 00:00:00', 0, '2017-06-15 17:52:03', NULL, 1, NULL),
(7, 15, 2, 'DP - 6', '2017-12-12 00:00:00', 1365842, 0, '0000-00-00 00:00:00', 0, '2017-06-15 17:52:03', NULL, 1, NULL),
(8, 15, 2, 'DP - 7', '2018-01-11 00:00:00', 1365842, 0, '0000-00-00 00:00:00', 0, '2017-06-15 17:52:03', NULL, 1, NULL),
(9, 15, 2, 'DP - 8', '2018-02-10 00:00:00', 1365842, 0, '0000-00-00 00:00:00', 0, '2017-06-15 17:52:03', NULL, 1, NULL),
(10, 15, 2, 'DP - 9', '2018-03-12 00:00:00', 1365842, 0, '0000-00-00 00:00:00', 0, '2017-06-15 17:52:03', NULL, 1, NULL),
(11, 15, 2, 'DP - 10', '2018-04-11 00:00:00', 1365842, 0, '0000-00-00 00:00:00', 0, '2017-06-15 17:52:03', NULL, 1, NULL),
(12, 15, 2, 'DP - 11', '2018-05-11 00:00:00', 1365842, 0, '0000-00-00 00:00:00', 0, '2017-06-15 17:52:03', NULL, 1, NULL),
(13, 15, 2, 'DP - 12', '2018-06-10 00:00:00', 1365842, 0, '0000-00-00 00:00:00', 0, '2017-06-15 17:52:03', NULL, 1, NULL),
(14, 15, 2, 'DP - 13', '2018-07-10 00:00:00', 1365842, 0, '0000-00-00 00:00:00', 0, '2017-06-15 17:52:03', NULL, 1, NULL),
(15, 15, 2, 'DP - 14', '2018-08-09 00:00:00', 1365842, 0, '0000-00-00 00:00:00', 0, '2017-06-15 17:52:03', NULL, 1, NULL),
(16, 15, 2, 'DP - 15', '2018-09-08 00:00:00', 1365842, 0, '0000-00-00 00:00:00', 0, '2017-06-15 17:52:03', NULL, 1, NULL),
(17, 15, 2, 'DP - 16', '2018-10-08 00:00:00', 1365842, 0, '0000-00-00 00:00:00', 0, '2017-06-15 17:52:03', NULL, 1, NULL),
(18, 15, 2, 'DP - 17', '2018-11-07 00:00:00', 1365842, 0, '0000-00-00 00:00:00', 0, '2017-06-15 17:52:03', NULL, 1, NULL),
(19, 15, 2, 'DP - 18', '2018-12-07 00:00:00', 1365842, 0, '0000-00-00 00:00:00', 0, '2017-06-15 17:52:03', NULL, 1, NULL),
(20, 15, 2, 'DP - 19', '2019-01-06 00:00:00', 1365842, 0, '0000-00-00 00:00:00', 0, '2017-06-15 17:52:03', NULL, 1, NULL),
(21, 15, 2, 'DP - 20', '2019-02-05 00:00:00', 1365842, 0, '0000-00-00 00:00:00', 0, '2017-06-15 17:52:03', NULL, 1, NULL),
(22, 15, 2, 'DP - 21', '2019-03-07 00:00:00', 1365842, 0, '0000-00-00 00:00:00', 0, '2017-06-15 17:52:03', NULL, 1, NULL),
(23, 15, 2, 'DP - 22', '2019-04-06 00:00:00', 1365842, 0, '0000-00-00 00:00:00', 0, '2017-06-15 17:52:03', NULL, 1, NULL),
(24, 15, 2, 'DP - 23', '2019-05-06 00:00:00', 1365842, 0, '0000-00-00 00:00:00', 0, '2017-06-15 17:52:03', NULL, 1, NULL),
(25, 15, 2, 'DP - 24', '2019-06-05 00:00:00', 1365842, 0, '0000-00-00 00:00:00', 0, '2017-06-15 17:52:03', NULL, 1, NULL),
(26, 15, 2, 'DP - 25', '2019-07-05 00:00:00', 1365842, 0, '0000-00-00 00:00:00', 0, '2017-06-15 17:52:03', NULL, 1, NULL),
(27, 15, 2, 'DP - 26', '2019-08-04 00:00:00', 1365842, 0, '0000-00-00 00:00:00', 0, '2017-06-15 17:52:03', NULL, 1, NULL),
(28, 15, 2, 'DP - 27', '2019-09-03 00:00:00', 1365842, 0, '0000-00-00 00:00:00', 0, '2017-06-15 17:52:03', NULL, 1, NULL),
(29, 15, 2, 'DP - 28', '2019-10-03 00:00:00', 1365842, 0, '0000-00-00 00:00:00', 0, '2017-06-15 17:52:03', NULL, 1, NULL),
(30, 15, 2, 'DP - 29', '2019-11-02 00:00:00', 1365842, 0, '0000-00-00 00:00:00', 0, '2017-06-15 17:52:03', NULL, 1, NULL),
(31, 15, 2, 'DP - 30', '2019-12-02 00:00:00', 1365842, 0, '0000-00-00 00:00:00', 0, '2017-06-15 17:52:03', NULL, 1, NULL),
(32, 15, 3, 'Cicilan pertama - 1', '2020-01-01 00:00:00', 1470894, 0, '0000-00-00 00:00:00', 0, '2017-06-15 17:52:04', NULL, 1, NULL),
(33, 15, 3, 'Cicilan pertama - 2', '2020-01-31 00:00:00', 1470894, 0, '0000-00-00 00:00:00', 0, '2017-06-15 17:52:04', NULL, 1, NULL),
(34, 15, 3, 'Cicilan pertama - 3', '2020-03-01 00:00:00', 1470894, 0, '0000-00-00 00:00:00', 0, '2017-06-15 17:52:04', NULL, 1, NULL),
(35, 15, 3, 'Cicilan pertama - 4', '2020-03-31 00:00:00', 1470894, 0, '0000-00-00 00:00:00', 0, '2017-06-15 17:52:04', NULL, 1, NULL),
(36, 15, 3, 'Cicilan pertama - 5', '2020-04-30 00:00:00', 1470894, 0, '0000-00-00 00:00:00', 0, '2017-06-15 17:52:04', NULL, 1, NULL),
(37, 15, 3, 'Cicilan pertama - 6', '2020-05-30 00:00:00', 1470894, 0, '0000-00-00 00:00:00', 0, '2017-06-15 17:52:04', NULL, 1, NULL),
(38, 15, 3, 'Cicilan pertama - 7', '2020-06-29 00:00:00', 1470894, 0, '0000-00-00 00:00:00', 0, '2017-06-15 17:52:04', NULL, 1, NULL),
(39, 15, 3, 'Cicilan pertama - 8', '2020-07-29 00:00:00', 1470894, 0, '0000-00-00 00:00:00', 0, '2017-06-15 17:52:04', NULL, 1, NULL),
(40, 15, 3, 'Cicilan pertama - 9', '2020-08-28 00:00:00', 1470894, 0, '0000-00-00 00:00:00', 0, '2017-06-15 17:52:04', NULL, 1, NULL),
(41, 15, 3, 'Cicilan pertama - 10', '2020-09-27 00:00:00', 1470894, 0, '0000-00-00 00:00:00', 0, '2017-06-15 17:52:04', NULL, 1, NULL),
(42, 15, 3, 'Cicilan pertama - 11', '2020-10-27 00:00:00', 1470894, 0, '0000-00-00 00:00:00', 0, '2017-06-15 17:52:04', NULL, 1, NULL),
(43, 15, 3, 'Cicilan pertama - 12', '2020-11-26 00:00:00', 1470894, 0, '0000-00-00 00:00:00', 0, '2017-06-15 17:52:04', NULL, 1, NULL),
(44, 15, 3, 'Cicilan pertama - 13', '2020-12-26 00:00:00', 1470894, 0, '0000-00-00 00:00:00', 0, '2017-06-15 17:52:04', NULL, 1, NULL),
(45, 15, 3, 'Cicilan pertama - 14', '2021-01-25 00:00:00', 1470894, 0, '0000-00-00 00:00:00', 0, '2017-06-15 17:52:04', NULL, 1, NULL),
(46, 15, 3, 'Cicilan pertama - 15', '2021-02-24 00:00:00', 1470894, 0, '0000-00-00 00:00:00', 0, '2017-06-15 17:52:04', NULL, 1, NULL),
(47, 15, 3, 'Cicilan pertama - 16', '2021-03-26 00:00:00', 1470894, 0, '0000-00-00 00:00:00', 0, '2017-06-15 17:52:04', NULL, 1, NULL),
(48, 15, 3, 'Cicilan pertama - 17', '2021-04-25 00:00:00', 1470894, 0, '0000-00-00 00:00:00', 0, '2017-06-15 17:52:04', NULL, 1, NULL),
(49, 15, 3, 'Cicilan pertama - 18', '2021-05-25 00:00:00', 1470894, 0, '0000-00-00 00:00:00', 0, '2017-06-15 17:52:04', NULL, 1, NULL),
(50, 15, 3, 'Cicilan pertama - 19', '2021-06-24 00:00:00', 1470894, 0, '0000-00-00 00:00:00', 0, '2017-06-15 17:52:04', NULL, 1, NULL),
(51, 15, 3, 'Cicilan pertama - 20', '2021-07-24 00:00:00', 1470894, 0, '0000-00-00 00:00:00', 0, '2017-06-15 17:52:04', NULL, 1, NULL),
(52, 15, 3, 'Cicilan pertama - 21', '2021-08-23 00:00:00', 1470894, 0, '0000-00-00 00:00:00', 0, '2017-06-15 17:52:04', NULL, 1, NULL),
(53, 15, 3, 'Cicilan pertama - 22', '2021-09-22 00:00:00', 1470894, 0, '0000-00-00 00:00:00', 0, '2017-06-15 17:52:04', NULL, 1, NULL),
(54, 15, 3, 'Cicilan pertama - 23', '2021-10-22 00:00:00', 1470894, 0, '0000-00-00 00:00:00', 0, '2017-06-15 17:52:04', NULL, 1, NULL),
(55, 15, 3, 'Cicilan pertama - 24', '2021-11-21 00:00:00', 1470894, 0, '0000-00-00 00:00:00', 0, '2017-06-15 17:52:04', NULL, 1, NULL),
(56, 15, 3, 'Cicilan pertama - 25', '2021-12-21 00:00:00', 1470894, 0, '0000-00-00 00:00:00', 0, '2017-06-15 17:52:04', NULL, 1, NULL),
(57, 15, 3, 'Cicilan pertama - 26', '2022-01-20 00:00:00', 1470894, 0, '0000-00-00 00:00:00', 0, '2017-06-15 17:52:04', NULL, 1, NULL),
(58, 15, 3, 'Cicilan pertama - 27', '2022-02-19 00:00:00', 1470894, 0, '0000-00-00 00:00:00', 0, '2017-06-15 17:52:04', NULL, 1, NULL),
(59, 15, 3, 'Cicilan pertama - 28', '2022-03-21 00:00:00', 1470894, 0, '0000-00-00 00:00:00', 0, '2017-06-15 17:52:04', NULL, 1, NULL),
(60, 15, 3, 'Cicilan pertama - 29', '2022-04-20 00:00:00', 1470894, 0, '0000-00-00 00:00:00', 0, '2017-06-15 17:52:04', NULL, 1, NULL),
(61, 15, 3, 'Cicilan pertama - 30', '2022-05-20 00:00:00', 1470894, 0, '0000-00-00 00:00:00', 0, '2017-06-15 17:52:04', NULL, 1, NULL),
(62, 15, 3, 'cicilan kedua - 1', '2022-06-19 00:00:00', 1444631, 0, '0000-00-00 00:00:00', 0, '2017-06-15 17:52:05', NULL, 1, NULL),
(63, 15, 3, 'cicilan kedua - 2', '2022-07-19 00:00:00', 1444631, 0, '0000-00-00 00:00:00', 0, '2017-06-15 17:52:05', NULL, 1, NULL),
(64, 15, 3, 'cicilan kedua - 3', '2022-08-18 00:00:00', 1444631, 0, '0000-00-00 00:00:00', 0, '2017-06-15 17:52:05', NULL, 1, NULL),
(65, 15, 3, 'cicilan kedua - 4', '2022-09-17 00:00:00', 1444631, 0, '0000-00-00 00:00:00', 0, '2017-06-15 17:52:05', NULL, 1, NULL),
(66, 15, 3, 'cicilan kedua - 5', '2022-10-17 00:00:00', 1444631, 0, '0000-00-00 00:00:00', 0, '2017-06-15 17:52:05', NULL, 1, NULL),
(67, 15, 3, 'cicilan kedua - 6', '2022-11-16 00:00:00', 1444631, 0, '0000-00-00 00:00:00', 0, '2017-06-15 17:52:05', NULL, 1, NULL),
(68, 15, 3, 'cicilan kedua - 7', '2022-12-16 00:00:00', 1444631, 0, '0000-00-00 00:00:00', 0, '2017-06-15 17:52:05', NULL, 1, NULL),
(69, 15, 3, 'cicilan kedua - 8', '2023-01-15 00:00:00', 1444631, 0, '0000-00-00 00:00:00', 0, '2017-06-15 17:52:05', NULL, 1, NULL),
(70, 15, 3, 'cicilan kedua - 9', '2023-02-14 00:00:00', 1444631, 0, '0000-00-00 00:00:00', 0, '2017-06-15 17:52:05', NULL, 1, NULL),
(71, 15, 3, 'cicilan kedua - 10', '2023-03-16 00:00:00', 1444631, 0, '0000-00-00 00:00:00', 0, '2017-06-15 17:52:05', NULL, 1, NULL),
(72, 15, 3, 'cicilan kedua - 11', '2023-04-15 00:00:00', 1444631, 0, '0000-00-00 00:00:00', 0, '2017-06-15 17:52:05', NULL, 1, NULL),
(73, 15, 3, 'cicilan kedua - 12', '2023-05-15 00:00:00', 1444631, 0, '0000-00-00 00:00:00', 0, '2017-06-15 17:52:05', NULL, 1, NULL),
(74, 15, 3, 'cicilan kedua - 13', '2023-06-14 00:00:00', 1444631, 0, '0000-00-00 00:00:00', 0, '2017-06-15 17:52:05', NULL, 1, NULL),
(75, 15, 3, 'cicilan kedua - 14', '2023-07-14 00:00:00', 1444631, 0, '0000-00-00 00:00:00', 0, '2017-06-15 17:52:05', NULL, 1, NULL),
(76, 15, 3, 'cicilan kedua - 15', '2023-08-13 00:00:00', 1444631, 0, '0000-00-00 00:00:00', 0, '2017-06-15 17:52:05', NULL, 1, NULL),
(77, 15, 3, 'cicilan kedua - 16', '2023-09-12 00:00:00', 1444631, 0, '0000-00-00 00:00:00', 0, '2017-06-15 17:52:05', NULL, 1, NULL),
(78, 15, 3, 'cicilan kedua - 17', '2023-10-12 00:00:00', 1444631, 0, '0000-00-00 00:00:00', 0, '2017-06-15 17:52:05', NULL, 1, NULL),
(79, 15, 3, 'cicilan kedua - 18', '2023-11-11 00:00:00', 1444631, 0, '0000-00-00 00:00:00', 0, '2017-06-15 17:52:05', NULL, 1, NULL),
(80, 15, 3, 'cicilan kedua - 19', '2023-12-11 00:00:00', 1444631, 0, '0000-00-00 00:00:00', 0, '2017-06-15 17:52:05', NULL, 1, NULL),
(81, 15, 3, 'cicilan kedua - 20', '2024-01-10 00:00:00', 1444631, 0, '0000-00-00 00:00:00', 0, '2017-06-15 17:52:05', NULL, 1, NULL),
(82, 15, 3, 'cicilan kedua - 21', '2024-02-09 00:00:00', 1444631, 0, '0000-00-00 00:00:00', 0, '2017-06-15 17:52:05', NULL, 1, NULL),
(83, 15, 3, 'cicilan kedua - 22', '2024-03-10 00:00:00', 1444631, 0, '0000-00-00 00:00:00', 0, '2017-06-15 17:52:05', NULL, 1, NULL),
(84, 15, 3, 'cicilan kedua - 23', '2024-04-09 00:00:00', 1444631, 0, '0000-00-00 00:00:00', 0, '2017-06-15 17:52:05', NULL, 1, NULL),
(85, 15, 3, 'cicilan kedua - 24', '2024-05-09 00:00:00', 1444631, 0, '0000-00-00 00:00:00', 0, '2017-06-15 17:52:05', NULL, 1, NULL),
(86, 15, 3, 'cicilan kedua - 25', '2024-06-08 00:00:00', 1444631, 0, '0000-00-00 00:00:00', 0, '2017-06-15 17:52:05', NULL, 1, NULL),
(87, 15, 3, 'cicilan kedua - 26', '2024-07-08 00:00:00', 1444631, 0, '0000-00-00 00:00:00', 0, '2017-06-15 17:52:05', NULL, 1, NULL),
(88, 15, 3, 'cicilan kedua - 27', '2024-08-07 00:00:00', 1444631, 0, '0000-00-00 00:00:00', 0, '2017-06-15 17:52:05', NULL, 1, NULL),
(89, 15, 3, 'cicilan kedua - 28', '2024-09-06 00:00:00', 1444631, 0, '0000-00-00 00:00:00', 0, '2017-06-15 17:52:05', NULL, 1, NULL),
(90, 15, 3, 'cicilan kedua - 29', '2024-10-06 00:00:00', 1444631, 0, '0000-00-00 00:00:00', 0, '2017-06-15 17:52:05', NULL, 1, NULL),
(91, 15, 3, 'cicilan kedua - 30', '2024-11-05 00:00:00', 1444631, 0, '0000-00-00 00:00:00', 0, '2017-06-15 17:52:05', NULL, 1, NULL),
(92, 27, 1, 'Booking Fee', '2017-06-21 11:30:21', 1000000, 0, '0000-00-00 00:00:00', 0, '2017-06-21 11:30:21', NULL, 1, NULL),
(93, 27, 2, 'DP - 1', '2017-07-21 00:00:00', 1362512, 0, '0000-00-00 00:00:00', 0, '2017-06-21 11:30:21', NULL, 1, NULL),
(94, 27, 2, 'DP - 2', '2017-08-20 00:00:00', 1362512, 0, '0000-00-00 00:00:00', 0, '2017-06-21 11:30:21', NULL, 1, NULL),
(95, 27, 2, 'DP - 3', '2017-09-19 00:00:00', 1362512, 0, '0000-00-00 00:00:00', 0, '2017-06-21 11:30:21', NULL, 1, NULL),
(96, 27, 2, 'DP - 4', '2017-10-19 00:00:00', 1362512, 0, '0000-00-00 00:00:00', 0, '2017-06-21 11:30:21', NULL, 1, NULL),
(97, 27, 2, 'DP - 5', '2017-11-18 00:00:00', 1362512, 0, '0000-00-00 00:00:00', 0, '2017-06-21 11:30:21', NULL, 1, NULL),
(98, 27, 2, 'DP - 6', '2017-12-18 00:00:00', 1362512, 0, '0000-00-00 00:00:00', 0, '2017-06-21 11:30:21', NULL, 1, NULL),
(99, 27, 2, 'DP - 7', '2018-01-17 00:00:00', 1362512, 0, '0000-00-00 00:00:00', 0, '2017-06-21 11:30:21', NULL, 1, NULL),
(100, 27, 2, 'DP - 8', '2018-02-16 00:00:00', 1362512, 0, '0000-00-00 00:00:00', 0, '2017-06-21 11:30:21', NULL, 1, NULL),
(101, 27, 2, 'DP - 9', '2018-03-18 00:00:00', 1362512, 0, '0000-00-00 00:00:00', 0, '2017-06-21 11:30:21', NULL, 1, NULL),
(102, 27, 2, 'DP - 10', '2018-04-17 00:00:00', 1362512, 0, '0000-00-00 00:00:00', 0, '2017-06-21 11:30:21', NULL, 1, NULL),
(103, 27, 2, 'DP - 11', '2018-05-17 00:00:00', 1362512, 0, '0000-00-00 00:00:00', 0, '2017-06-21 11:30:21', NULL, 1, NULL),
(104, 27, 2, 'DP - 12', '2018-06-16 00:00:00', 1362512, 0, '0000-00-00 00:00:00', 0, '2017-06-21 11:30:21', NULL, 1, NULL),
(105, 27, 2, 'DP - 13', '2018-07-16 00:00:00', 1362512, 0, '0000-00-00 00:00:00', 0, '2017-06-21 11:30:21', NULL, 1, NULL),
(106, 27, 2, 'DP - 14', '2018-08-15 00:00:00', 1362512, 0, '0000-00-00 00:00:00', 0, '2017-06-21 11:30:21', NULL, 1, NULL),
(107, 27, 2, 'DP - 15', '2018-09-14 00:00:00', 1362512, 0, '0000-00-00 00:00:00', 0, '2017-06-21 11:30:21', NULL, 1, NULL),
(108, 27, 2, 'DP - 16', '2018-10-14 00:00:00', 1362512, 0, '0000-00-00 00:00:00', 0, '2017-06-21 11:30:21', NULL, 1, NULL),
(109, 27, 2, 'DP - 17', '2018-11-13 00:00:00', 1362512, 0, '0000-00-00 00:00:00', 0, '2017-06-21 11:30:21', NULL, 1, NULL),
(110, 27, 2, 'DP - 18', '2018-12-13 00:00:00', 1362512, 0, '0000-00-00 00:00:00', 0, '2017-06-21 11:30:21', NULL, 1, NULL),
(111, 27, 2, 'DP - 19', '2019-01-12 00:00:00', 1362512, 0, '0000-00-00 00:00:00', 0, '2017-06-21 11:30:21', NULL, 1, NULL),
(112, 27, 2, 'DP - 20', '2019-02-11 00:00:00', 1362512, 0, '0000-00-00 00:00:00', 0, '2017-06-21 11:30:22', NULL, 1, NULL),
(113, 27, 2, 'DP - 21', '2019-03-13 00:00:00', 1362512, 0, '0000-00-00 00:00:00', 0, '2017-06-21 11:30:22', NULL, 1, NULL),
(114, 27, 2, 'DP - 22', '2019-04-12 00:00:00', 1362512, 0, '0000-00-00 00:00:00', 0, '2017-06-21 11:30:22', NULL, 1, NULL),
(115, 27, 2, 'DP - 23', '2019-05-12 00:00:00', 1362512, 0, '0000-00-00 00:00:00', 0, '2017-06-21 11:30:22', NULL, 1, NULL),
(116, 27, 2, 'DP - 24', '2019-06-11 00:00:00', 1362512, 0, '0000-00-00 00:00:00', 0, '2017-06-21 11:30:22', NULL, 1, NULL),
(117, 27, 2, 'DP - 25', '2019-07-11 00:00:00', 1362512, 0, '0000-00-00 00:00:00', 0, '2017-06-21 11:30:22', NULL, 1, NULL),
(118, 27, 2, 'DP - 26', '2019-08-10 00:00:00', 1362512, 0, '0000-00-00 00:00:00', 0, '2017-06-21 11:30:22', NULL, 1, NULL),
(119, 27, 2, 'DP - 27', '2019-09-09 00:00:00', 1362512, 0, '0000-00-00 00:00:00', 0, '2017-06-21 11:30:22', NULL, 1, NULL),
(120, 27, 2, 'DP - 28', '2019-10-09 00:00:00', 1362512, 0, '0000-00-00 00:00:00', 0, '2017-06-21 11:30:22', NULL, 1, NULL),
(121, 27, 2, 'DP - 29', '2019-11-08 00:00:00', 1362512, 0, '0000-00-00 00:00:00', 0, '2017-06-21 11:30:22', NULL, 1, NULL),
(122, 27, 2, 'DP - 30', '2019-12-08 00:00:00', 1362512, 0, '0000-00-00 00:00:00', 0, '2017-06-21 11:30:22', NULL, 1, NULL),
(123, 27, 3, 'Cicilan pertama - 1', '2020-01-07 00:00:00', 1454244, 0, '0000-00-00 00:00:00', 0, '2017-06-21 11:30:22', NULL, 1, NULL),
(124, 27, 3, 'Cicilan pertama - 2', '2020-02-06 00:00:00', 1454244, 0, '0000-00-00 00:00:00', 0, '2017-06-21 11:30:22', NULL, 1, NULL),
(125, 27, 3, 'Cicilan pertama - 3', '2020-03-07 00:00:00', 1454244, 0, '0000-00-00 00:00:00', 0, '2017-06-21 11:30:22', NULL, 1, NULL),
(126, 27, 3, 'Cicilan pertama - 4', '2020-04-06 00:00:00', 1454244, 0, '0000-00-00 00:00:00', 0, '2017-06-21 11:30:22', NULL, 1, NULL),
(127, 27, 3, 'Cicilan pertama - 5', '2020-05-06 00:00:00', 1454244, 0, '0000-00-00 00:00:00', 0, '2017-06-21 11:30:22', NULL, 1, NULL),
(128, 27, 3, 'Cicilan pertama - 6', '2020-06-05 00:00:00', 1454244, 0, '0000-00-00 00:00:00', 0, '2017-06-21 11:30:22', NULL, 1, NULL),
(129, 27, 3, 'Cicilan pertama - 7', '2020-07-05 00:00:00', 1454244, 0, '0000-00-00 00:00:00', 0, '2017-06-21 11:30:22', NULL, 1, NULL),
(130, 27, 3, 'Cicilan pertama - 8', '2020-08-04 00:00:00', 1454244, 0, '0000-00-00 00:00:00', 0, '2017-06-21 11:30:22', NULL, 1, NULL),
(131, 27, 3, 'Cicilan pertama - 9', '2020-09-03 00:00:00', 1454244, 0, '0000-00-00 00:00:00', 0, '2017-06-21 11:30:22', NULL, 1, NULL),
(132, 27, 3, 'Cicilan pertama - 10', '2020-10-03 00:00:00', 1454244, 0, '0000-00-00 00:00:00', 0, '2017-06-21 11:30:22', NULL, 1, NULL),
(133, 27, 3, 'Cicilan pertama - 11', '2020-11-02 00:00:00', 1454244, 0, '0000-00-00 00:00:00', 0, '2017-06-21 11:30:22', NULL, 1, NULL),
(134, 27, 3, 'Cicilan pertama - 12', '2020-12-02 00:00:00', 1454244, 0, '0000-00-00 00:00:00', 0, '2017-06-21 11:30:22', NULL, 1, NULL),
(135, 27, 3, 'Cicilan pertama - 13', '2021-01-01 00:00:00', 1454244, 0, '0000-00-00 00:00:00', 0, '2017-06-21 11:30:22', NULL, 1, NULL),
(136, 27, 3, 'Cicilan pertama - 14', '2021-01-31 00:00:00', 1454244, 0, '0000-00-00 00:00:00', 0, '2017-06-21 11:30:22', NULL, 1, NULL),
(137, 27, 3, 'Cicilan pertama - 15', '2021-03-02 00:00:00', 1454244, 0, '0000-00-00 00:00:00', 0, '2017-06-21 11:30:22', NULL, 1, NULL),
(138, 27, 3, 'Cicilan pertama - 16', '2021-04-01 00:00:00', 1454244, 0, '0000-00-00 00:00:00', 0, '2017-06-21 11:30:22', NULL, 1, NULL),
(139, 27, 3, 'Cicilan pertama - 17', '2021-05-01 00:00:00', 1454244, 0, '0000-00-00 00:00:00', 0, '2017-06-21 11:30:22', NULL, 1, NULL),
(140, 27, 3, 'Cicilan pertama - 18', '2021-05-31 00:00:00', 1454244, 0, '0000-00-00 00:00:00', 0, '2017-06-21 11:30:22', NULL, 1, NULL),
(141, 27, 3, 'Cicilan pertama - 19', '2021-06-30 00:00:00', 1454244, 0, '0000-00-00 00:00:00', 0, '2017-06-21 11:30:22', NULL, 1, NULL),
(142, 27, 3, 'Cicilan pertama - 20', '2021-07-30 00:00:00', 1454244, 0, '0000-00-00 00:00:00', 0, '2017-06-21 11:30:22', NULL, 1, NULL),
(143, 27, 3, 'Cicilan pertama - 21', '2021-08-29 00:00:00', 1454244, 0, '0000-00-00 00:00:00', 0, '2017-06-21 11:30:22', NULL, 1, NULL),
(144, 27, 3, 'Cicilan pertama - 22', '2021-09-28 00:00:00', 1454244, 0, '0000-00-00 00:00:00', 0, '2017-06-21 11:30:22', NULL, 1, NULL),
(145, 27, 3, 'Cicilan pertama - 23', '2021-10-28 00:00:00', 1454244, 0, '0000-00-00 00:00:00', 0, '2017-06-21 11:30:22', NULL, 1, NULL),
(146, 27, 3, 'Cicilan pertama - 24', '2021-11-27 00:00:00', 1454244, 0, '0000-00-00 00:00:00', 0, '2017-06-21 11:30:22', NULL, 1, NULL),
(147, 27, 3, 'Cicilan pertama - 25', '2021-12-27 00:00:00', 1454244, 0, '0000-00-00 00:00:00', 0, '2017-06-21 11:30:22', NULL, 1, NULL),
(148, 27, 3, 'Cicilan pertama - 26', '2022-01-26 00:00:00', 1454244, 0, '0000-00-00 00:00:00', 0, '2017-06-21 11:30:22', NULL, 1, NULL),
(149, 27, 3, 'Cicilan pertama - 27', '2022-02-25 00:00:00', 1454244, 0, '0000-00-00 00:00:00', 0, '2017-06-21 11:30:22', NULL, 1, NULL),
(150, 27, 3, 'Cicilan pertama - 28', '2022-03-27 00:00:00', 1454244, 0, '0000-00-00 00:00:00', 0, '2017-06-21 11:30:22', NULL, 1, NULL),
(151, 27, 3, 'Cicilan pertama - 29', '2022-04-26 00:00:00', 1454244, 0, '0000-00-00 00:00:00', 0, '2017-06-21 11:30:22', NULL, 1, NULL),
(152, 27, 3, 'Cicilan pertama - 30', '2022-05-26 00:00:00', 1454244, 0, '0000-00-00 00:00:00', 0, '2017-06-21 11:30:22', NULL, 1, NULL),
(153, 27, 3, 'cicilan kedua - 1', '2022-06-25 00:00:00', 1431311, 0, '0000-00-00 00:00:00', 0, '2017-06-21 11:30:22', NULL, 1, NULL),
(154, 27, 3, 'cicilan kedua - 2', '2022-07-25 00:00:00', 1431311, 0, '0000-00-00 00:00:00', 0, '2017-06-21 11:30:23', NULL, 1, NULL),
(155, 27, 3, 'cicilan kedua - 3', '2022-08-24 00:00:00', 1431311, 0, '0000-00-00 00:00:00', 0, '2017-06-21 11:30:23', NULL, 1, NULL),
(156, 27, 3, 'cicilan kedua - 4', '2022-09-23 00:00:00', 1431311, 0, '0000-00-00 00:00:00', 0, '2017-06-21 11:30:23', NULL, 1, NULL),
(157, 27, 3, 'cicilan kedua - 5', '2022-10-23 00:00:00', 1431311, 0, '0000-00-00 00:00:00', 0, '2017-06-21 11:30:23', NULL, 1, NULL),
(158, 27, 3, 'cicilan kedua - 6', '2022-11-22 00:00:00', 1431311, 0, '0000-00-00 00:00:00', 0, '2017-06-21 11:30:23', NULL, 1, NULL),
(159, 27, 3, 'cicilan kedua - 7', '2022-12-22 00:00:00', 1431311, 0, '0000-00-00 00:00:00', 0, '2017-06-21 11:30:23', NULL, 1, NULL),
(160, 27, 3, 'cicilan kedua - 8', '2023-01-21 00:00:00', 1431311, 0, '0000-00-00 00:00:00', 0, '2017-06-21 11:30:23', NULL, 1, NULL),
(161, 27, 3, 'cicilan kedua - 9', '2023-02-20 00:00:00', 1431311, 0, '0000-00-00 00:00:00', 0, '2017-06-21 11:30:23', NULL, 1, NULL),
(162, 27, 3, 'cicilan kedua - 10', '2023-03-22 00:00:00', 1431311, 0, '0000-00-00 00:00:00', 0, '2017-06-21 11:30:23', NULL, 1, NULL),
(163, 27, 3, 'cicilan kedua - 11', '2023-04-21 00:00:00', 1431311, 0, '0000-00-00 00:00:00', 0, '2017-06-21 11:30:23', NULL, 1, NULL),
(164, 27, 3, 'cicilan kedua - 12', '2023-05-21 00:00:00', 1431311, 0, '0000-00-00 00:00:00', 0, '2017-06-21 11:30:23', NULL, 1, NULL),
(165, 27, 3, 'cicilan kedua - 13', '2023-06-20 00:00:00', 1431311, 0, '0000-00-00 00:00:00', 0, '2017-06-21 11:30:23', NULL, 1, NULL),
(166, 27, 3, 'cicilan kedua - 14', '2023-07-20 00:00:00', 1431311, 0, '0000-00-00 00:00:00', 0, '2017-06-21 11:30:23', NULL, 1, NULL),
(167, 27, 3, 'cicilan kedua - 15', '2023-08-19 00:00:00', 1431311, 0, '0000-00-00 00:00:00', 0, '2017-06-21 11:30:23', NULL, 1, NULL),
(168, 27, 3, 'cicilan kedua - 16', '2023-09-18 00:00:00', 1431311, 0, '0000-00-00 00:00:00', 0, '2017-06-21 11:30:23', NULL, 1, NULL),
(169, 27, 3, 'cicilan kedua - 17', '2023-10-18 00:00:00', 1431311, 0, '0000-00-00 00:00:00', 0, '2017-06-21 11:30:23', NULL, 1, NULL),
(170, 27, 3, 'cicilan kedua - 18', '2023-11-17 00:00:00', 1431311, 0, '0000-00-00 00:00:00', 0, '2017-06-21 11:30:23', NULL, 1, NULL),
(171, 27, 3, 'cicilan kedua - 19', '2023-12-17 00:00:00', 1431311, 0, '0000-00-00 00:00:00', 0, '2017-06-21 11:30:23', NULL, 1, NULL),
(172, 27, 3, 'cicilan kedua - 20', '2024-01-16 00:00:00', 1431311, 0, '0000-00-00 00:00:00', 0, '2017-06-21 11:30:23', NULL, 1, NULL),
(173, 27, 3, 'cicilan kedua - 21', '2024-02-15 00:00:00', 1431311, 0, '0000-00-00 00:00:00', 0, '2017-06-21 11:30:23', NULL, 1, NULL),
(174, 27, 3, 'cicilan kedua - 22', '2024-03-16 00:00:00', 1431311, 0, '0000-00-00 00:00:00', 0, '2017-06-21 11:30:23', NULL, 1, NULL),
(175, 27, 3, 'cicilan kedua - 23', '2024-04-15 00:00:00', 1431311, 0, '0000-00-00 00:00:00', 0, '2017-06-21 11:30:23', NULL, 1, NULL),
(176, 27, 3, 'cicilan kedua - 24', '2024-05-15 00:00:00', 1431311, 0, '0000-00-00 00:00:00', 0, '2017-06-21 11:30:23', NULL, 1, NULL),
(177, 27, 3, 'cicilan kedua - 25', '2024-06-14 00:00:00', 1431311, 0, '0000-00-00 00:00:00', 0, '2017-06-21 11:30:23', NULL, 1, NULL),
(178, 27, 3, 'cicilan kedua - 26', '2024-07-14 00:00:00', 1431311, 0, '0000-00-00 00:00:00', 0, '2017-06-21 11:30:23', NULL, 1, NULL),
(179, 27, 3, 'cicilan kedua - 27', '2024-08-13 00:00:00', 1431311, 0, '0000-00-00 00:00:00', 0, '2017-06-21 11:30:23', NULL, 1, NULL),
(180, 27, 3, 'cicilan kedua - 28', '2024-09-12 00:00:00', 1431311, 0, '0000-00-00 00:00:00', 0, '2017-06-21 11:30:23', NULL, 1, NULL),
(181, 27, 3, 'cicilan kedua - 29', '2024-10-12 00:00:00', 1431311, 0, '0000-00-00 00:00:00', 0, '2017-06-21 11:30:23', NULL, 1, NULL),
(182, 27, 3, 'cicilan kedua - 30', '2024-11-11 00:00:00', 1431311, 0, '0000-00-00 00:00:00', 0, '2017-06-21 11:30:23', NULL, 1, NULL),
(183, 28, 1, 'Booking Fee', '2017-06-21 15:06:06', 2000000, 0, '0000-00-00 00:00:00', 0, '2017-06-21 15:06:06', NULL, 1, NULL),
(184, 28, 3, 'Cicilan  - 1', '2017-07-21 00:00:00', 3985525, 0, '0000-00-00 00:00:00', 0, '2017-06-21 15:06:06', NULL, 1, NULL),
(185, 28, 3, 'Cicilan  - 2', '2017-08-20 00:00:00', 3985525, 0, '0000-00-00 00:00:00', 0, '2017-06-21 15:06:06', NULL, 1, NULL),
(186, 28, 2, 'DP - 1', '2017-09-19 00:00:00', 1927567, 0, '0000-00-00 00:00:00', 0, '2017-06-21 15:06:06', NULL, 1, NULL),
(187, 29, 1, 'Booking Fee', '2017-06-21 15:09:10', 2000000, 0, '0000-00-00 00:00:00', 0, '2017-06-21 15:09:10', NULL, 1, NULL),
(188, 29, 3, 'Cicilan  - 1', '2017-07-21 00:00:00', 3985525, 0, '0000-00-00 00:00:00', 0, '2017-06-21 15:09:10', NULL, 1, NULL),
(189, 29, 3, 'Cicilan  - 2', '2017-08-20 00:00:00', 3985525, 0, '0000-00-00 00:00:00', 0, '2017-06-21 15:09:10', NULL, 1, NULL),
(190, 29, 2, 'DP - 1', '2017-09-19 00:00:00', 1927567, 0, '0000-00-00 00:00:00', 0, '2017-06-21 15:09:10', NULL, 1, NULL),
(191, 37, 1, 'Booking Fee', '2017-06-21 15:51:10', 1000000, 0, '0000-00-00 00:00:00', 0, '2017-06-21 15:51:10', NULL, 1, NULL),
(192, 37, 3, 'Cicilan  - 1', '2017-07-21 00:00:00', 4435525, 0, '0000-00-00 00:00:00', 0, '2017-06-21 15:51:10', NULL, 1, NULL),
(193, 37, 3, 'Cicilan  - 2', '2017-08-20 00:00:00', 4435525, 0, '0000-00-00 00:00:00', 0, '2017-06-21 15:51:10', NULL, 1, NULL),
(194, 37, 2, 'DP - 1', '2017-09-19 00:00:00', 2027567, 0, '0000-00-00 00:00:00', 0, '2017-06-21 15:51:10', NULL, 1, NULL);

-- --------------------------------------------------------

--
-- Table structure for table `dc_kontrak_type`
--

CREATE TABLE `dc_kontrak_type` (
  `id` int(11) NOT NULL,
  `name` varchar(25) NOT NULL,
  `date_created` datetime DEFAULT NULL,
  `date_modified` datetime DEFAULT NULL,
  `id_creator` int(11) DEFAULT NULL,
  `id_modifier` int(11) DEFAULT NULL
) ENGINE=InnoDB DEFAULT CHARSET=latin1;

--
-- Dumping data for table `dc_kontrak_type`
--

INSERT INTO `dc_kontrak_type` (`id`, `name`, `date_created`, `date_modified`, `id_creator`, `id_modifier`) VALUES
(1, 'Cicilan', '2017-05-30 15:06:49', NULL, 1, NULL),
(2, 'KPA', '2017-05-30 15:06:57', NULL, 1, NULL),
(3, 'Cash Keras', '2017-05-30 15:07:04', NULL, 1, NULL);

-- --------------------------------------------------------

--
-- Table structure for table `dc_kontrak_unit`
--

CREATE TABLE `dc_kontrak_unit` (
  `id` int(11) NOT NULL,
  `kontrak_id` int(11) NOT NULL,
  `unit_id` int(11) NOT NULL,
  `date_created` datetime DEFAULT NULL,
  `date_modified` datetime DEFAULT NULL,
  `id_creator` int(11) DEFAULT NULL,
  `id_modifier` int(11) DEFAULT NULL
) ENGINE=InnoDB DEFAULT CHARSET=latin1;

--
-- Dumping data for table `dc_kontrak_unit`
--

INSERT INTO `dc_kontrak_unit` (`id`, `kontrak_id`, `unit_id`, `date_created`, `date_modified`, `id_creator`, `id_modifier`) VALUES
(16, 13, 1, NULL, NULL, NULL, NULL),
(19, 15, 1, NULL, NULL, NULL, NULL),
(20, 27, 1, NULL, NULL, NULL, NULL),
(21, 28, 1, NULL, NULL, NULL, NULL),
(22, 29, 1, NULL, NULL, NULL, NULL),
(23, 30, 1, NULL, NULL, NULL, NULL),
(24, 30, 1, NULL, NULL, NULL, NULL),
(25, 31, 1, NULL, NULL, NULL, NULL),
(26, 32, 1, NULL, NULL, NULL, NULL),
(27, 33, 1, NULL, NULL, NULL, NULL),
(28, 34, 1, NULL, NULL, NULL, NULL),
(29, 35, 1, NULL, NULL, NULL, NULL),
(30, 36, 1, NULL, NULL, NULL, NULL),
(31, 37, 1, NULL, NULL, NULL, NULL);

-- --------------------------------------------------------

--
-- Table structure for table `dc_menu`
--

CREATE TABLE `dc_menu` (
  `id` int(100) NOT NULL,
  `name_menu` varchar(1000) NOT NULL,
  `sub_menu` varchar(100) NOT NULL,
  `target` varchar(100) NOT NULL,
  `icon` varchar(100) NOT NULL,
  `position` int(100) NOT NULL,
  `date_created` datetime NOT NULL,
  `date_modified` datetime DEFAULT NULL,
  `id_creator` int(250) NOT NULL,
  `id_modifier` int(250) DEFAULT NULL
) ENGINE=InnoDB DEFAULT CHARSET=latin1;

--
-- Dumping data for table `dc_menu`
--

INSERT INTO `dc_menu` (`id`, `name_menu`, `sub_menu`, `target`, `icon`, `position`, `date_created`, `date_modified`, `id_creator`, `id_modifier`) VALUES
(1, 'Content', '0', 'admin_content', 'icon-custom-thumb', 1, '0000-00-00 00:00:00', '2017-04-13 11:13:46', 0, 1),
(2, 'Static Page', '1', 'static_page', '', 1, '2017-04-06 10:24:25', '2017-04-06 12:29:26', 1, 1),
(3, 'Settings System', '0', 'setting_system', 'icon-custom-settings', 3, '2017-04-13 00:00:00', '0000-00-00 00:00:00', 1, 0),
(4, 'Menu', '3', 'menu', '', 1, '2017-04-13 00:00:00', '2017-04-13 00:00:00', 1, 0),
(6, 'User Accsess', '3', 'user_accsess', 'fa fa-bars', 3, '0000-00-00 00:00:00', '2017-04-13 11:15:14', 0, 1),
(7, 'User Groups', '3', 'user_groups', 'none', 4, '2017-04-13 11:15:03', NULL, 1, NULL),
(8, 'User', '3', 'user', 'none', 2, '2017-04-16 18:04:14', NULL, 1, NULL),
(9, 'News', '1', 'news', 'none', 2, '2017-04-17 13:23:58', NULL, 1, NULL),
(10, 'appearance', '3', 'appearance', 'none', 5, '2017-04-17 14:31:03', NULL, 1, NULL),
(11, 'Message', '0', 'message', 'fa fa-envelope', 2, '0000-00-00 00:00:00', '2017-04-17 15:58:18', 0, 1),
(12, 'Inbox', '11', 'inbox', 'none', 1, '2017-04-17 16:05:07', NULL, 1, NULL),
(13, 'Compose', '11', 'compose', 'none', 2, '2017-04-17 16:05:40', NULL, 1, NULL),
(14, 'Banner', '1', 'banner', 'none', 3, '2017-04-22 16:51:32', NULL, 1, NULL),
(15, 'Atasan', '0', 'atasan', 'fa fa-envelope', 0, '2017-05-27 20:25:59', NULL, 1, NULL),
(16, 'Pengajuan Harga Approve', '15', 'pengajuan_harga_approve', 'none', 1, '2017-05-27 20:28:02', NULL, 1, NULL),
(17, 'Cashier', '0', 'cashier', 'fa fa-bell-o', 0, '0000-00-00 00:00:00', '2017-06-21 13:31:06', 0, 1),
(18, 'Payment', '17', 'payment', 'none', 1, '2017-05-27 20:30:48', NULL, 1, NULL),
(19, 'Kontrak', '17', 'kontrak', 'none', 2, '2017-05-27 20:31:07', NULL, 1, NULL),
(20, 'Customer', '0', 'customer', 'fa fa-adjust', 0, '0000-00-00 00:00:00', '2017-05-27 20:34:54', 0, 1),
(21, 'List Customer', '20', 'customer', 'none', 1, '2017-05-27 20:35:46', NULL, 1, NULL),
(22, 'Finance', '0', 'finance', 'icon-custom-settings', 1, '0000-00-00 00:00:00', '2017-05-27 20:38:04', 0, 1),
(23, 'Unit', '0', 'unit', 'fa fa-arrows', 0, '2017-05-28 20:11:07', NULL, 1, NULL),
(24, 'List Unit', '23', 'list_unit', 'none', 1, '2017-05-29 14:19:13', NULL, 1, NULL),
(25, 'Area', '23', 'area', 'none', 2, '2017-05-29 14:51:00', NULL, 1, NULL),
(26, 'Unit Type', '23', 'unit_type', 'none', 3, '2017-05-29 14:51:19', NULL, 1, NULL),
(27, 'Rekening', '22', 'list_rekening', 'none', 1, '0000-00-00 00:00:00', '2017-05-30 13:23:40', 0, 1),
(28, 'Contract Type', '22', 'contract_type', 'none', 2, '0000-00-00 00:00:00', '2017-05-30 14:50:12', 0, 1),
(29, 'Payment Type', '22', 'payment_type', 'none', 3, '2017-05-30 15:49:15', NULL, 1, NULL),
(30, 'Unit', '23', 'unit', 'none', 1, '0000-00-00 00:00:00', '2017-06-20 21:35:25', 0, 1),
(31, 'Sales', '0', 'sales', 'fa fa-building-o', 0, '2017-06-15 00:02:34', NULL, 1, NULL),
(32, 'Denah', '31', 'denah', 'none', 1, '2017-06-15 00:04:25', NULL, 1, NULL),
(33, 'Payment Scheme', '22', 'payment_scheme', 'none', 3, '2017-06-15 17:07:43', NULL, 1, NULL),
(34, 'Pengajuan Harga', '31', 'pengajuan_harga', 'none', 2, '2017-06-18 05:17:47', NULL, 1, NULL),
(35, 'Kontrak', '31', 'kontrak', 'none', 3, '2017-06-20 19:44:46', NULL, 1, NULL);

-- --------------------------------------------------------

--
-- Table structure for table `dc_menu_accsess`
--

CREATE TABLE `dc_menu_accsess` (
  `id` int(100) NOT NULL,
  `id_menu` int(100) NOT NULL,
  `id_group` int(100) NOT NULL,
  `accsess` int(1) NOT NULL DEFAULT '0'
) ENGINE=InnoDB DEFAULT CHARSET=latin1;

--
-- Dumping data for table `dc_menu_accsess`
--

INSERT INTO `dc_menu_accsess` (`id`, `id_menu`, `id_group`, `accsess`) VALUES
(12, 1, 0, 0),
(13, 2, 0, 1),
(14, 3, 0, 0),
(15, 4, 0, 0),
(16, 6, 0, 0),
(17, 7, 0, 0),
(18, 1, 1, 1),
(19, 2, 1, 1),
(20, 3, 1, 1),
(21, 4, 1, 1),
(22, 6, 1, 1),
(23, 7, 1, 1),
(24, 1, 5, 0),
(25, 2, 5, 0),
(26, 3, 5, 0),
(27, 4, 5, 0),
(28, 6, 5, 0),
(29, 7, 5, 0),
(30, 8, 1, 1),
(31, 9, 1, 1),
(32, 9, 5, 0),
(33, 8, 5, 0),
(34, 10, 1, 1),
(35, 11, 1, 1),
(36, 12, 1, 1),
(37, 13, 1, 1),
(38, 14, 1, 1),
(39, 14, 5, 0),
(40, 10, 5, 0),
(41, 11, 5, 0),
(42, 12, 5, 0),
(43, 13, 5, 0),
(44, 15, 1, 1),
(45, 16, 1, 1),
(46, 17, 1, 1),
(47, 18, 1, 1),
(48, 19, 1, 1),
(49, 20, 1, 1),
(50, 15, 5, 0),
(51, 16, 5, 0),
(52, 17, 5, 0),
(53, 18, 5, 0),
(54, 19, 5, 0),
(55, 20, 5, 0),
(56, 21, 1, 1),
(57, 21, 5, 1),
(58, 22, 1, 1),
(59, 23, 1, 1),
(60, 22, 5, 0),
(61, 23, 5, 0),
(62, 24, 1, 1),
(63, 25, 1, 1),
(64, 26, 1, 1),
(65, 27, 1, 1),
(66, 28, 1, 1),
(67, 29, 1, 1),
(68, 30, 1, 1),
(69, 31, 1, 1),
(70, 32, 1, 1),
(71, 33, 1, 1),
(72, 34, 1, 1),
(73, 35, 1, 1);

-- --------------------------------------------------------

--
-- Table structure for table `dc_payment_scheme`
--

CREATE TABLE `dc_payment_scheme` (
  `id` int(11) NOT NULL,
  `title` varchar(45) NOT NULL,
  `kontrak_type` int(11) NOT NULL,
  `bunga` decimal(5,2) NOT NULL,
  `date_created` datetime DEFAULT NULL,
  `date_modified` datetime DEFAULT NULL,
  `id_creator` int(11) DEFAULT NULL,
  `id_modifier` int(11) DEFAULT NULL
) ENGINE=InnoDB DEFAULT CHARSET=latin1;

--
-- Dumping data for table `dc_payment_scheme`
--

INSERT INTO `dc_payment_scheme` (`id`, `title`, `kontrak_type`, `bunga`, `date_created`, `date_modified`, `id_creator`, `id_modifier`) VALUES
(1, 'Cicilan 2 thn', 1, '17.00', '2017-06-15 17:09:09', NULL, NULL, NULL);

-- --------------------------------------------------------

--
-- Table structure for table `dc_payment_scheme_detail`
--

CREATE TABLE `dc_payment_scheme_detail` (
  `id` int(11) NOT NULL,
  `payment_scheme_id` int(11) NOT NULL,
  `payment_type_id` int(11) NOT NULL,
  `title` varchar(255) NOT NULL,
  `tenor` int(11) NOT NULL,
  `interval` int(11) NOT NULL,
  `persentase` decimal(9,2) NOT NULL
) ENGINE=InnoDB DEFAULT CHARSET=latin1;

--
-- Dumping data for table `dc_payment_scheme_detail`
--

INSERT INTO `dc_payment_scheme_detail` (`id`, `payment_scheme_id`, `payment_type_id`, `title`, `tenor`, `interval`, `persentase`) VALUES
(6, 1, 2, 'DP', 1, 30, '10.00'),
(7, 1, 3, 'Cicilan ', 2, 30, '90.00');

-- --------------------------------------------------------

--
-- Table structure for table `dc_payment_type`
--

CREATE TABLE `dc_payment_type` (
  `id` int(11) NOT NULL,
  `title` varchar(255) NOT NULL,
  `date_created` datetime DEFAULT NULL,
  `date_modified` datetime DEFAULT NULL,
  `id_creator` int(11) DEFAULT NULL,
  `id_modifier` int(11) DEFAULT NULL
) ENGINE=InnoDB DEFAULT CHARSET=latin1;

--
-- Dumping data for table `dc_payment_type`
--

INSERT INTO `dc_payment_type` (`id`, `title`, `date_created`, `date_modified`, `id_creator`, `id_modifier`) VALUES
(1, 'Booking Fee', '2017-05-30 16:01:29', NULL, 1, NULL),
(2, 'DP', NULL, '2017-05-30 16:02:32', NULL, 1),
(3, 'Cicilan', NULL, '2017-05-30 16:02:42', NULL, 1);

-- --------------------------------------------------------

--
-- Table structure for table `dc_pemasukan_record`
--

CREATE TABLE `dc_pemasukan_record` (
  `id` int(11) NOT NULL,
  `no_invoice` char(9) NOT NULL,
  `rekening_id` int(11) NOT NULL,
  `kontrak_payment_record_id` int(11) NOT NULL,
  `nominal` int(11) NOT NULL,
  `is_delete` int(1) NOT NULL,
  `date_created` datetime DEFAULT NULL,
  `date_modified` datetime DEFAULT NULL,
  `id_creator` int(11) DEFAULT NULL,
  `id_modifier` int(11) DEFAULT NULL
) ENGINE=InnoDB DEFAULT CHARSET=latin1;

-- --------------------------------------------------------

--
-- Table structure for table `dc_pengajuan_harga`
--

CREATE TABLE `dc_pengajuan_harga` (
  `id` int(11) NOT NULL,
  `id_unit` int(11) NOT NULL,
  `id_customer` int(11) NOT NULL,
  `id_atasan` int(11) NOT NULL,
  `nama` varchar(200) NOT NULL,
  `alamat` text NOT NULL,
  `email` varchar(200) NOT NULL,
  `tlp` varchar(45) NOT NULL,
  `instansi` varchar(200) NOT NULL,
  `nominal` bigint(20) NOT NULL,
  `approved_nominal` bigint(20) NOT NULL,
  `status` int(11) NOT NULL,
  `date_created` datetime DEFAULT NULL,
  `date_modified` datetime DEFAULT NULL,
  `id_creator` int(11) DEFAULT NULL,
  `id_modifier` int(11) DEFAULT NULL
) ENGINE=InnoDB DEFAULT CHARSET=latin1;

--
-- Dumping data for table `dc_pengajuan_harga`
--

INSERT INTO `dc_pengajuan_harga` (`id`, `id_unit`, `id_customer`, `id_atasan`, `nama`, `alamat`, `email`, `tlp`, `instansi`, `nominal`, `approved_nominal`, `status`, `date_created`, `date_modified`, `id_creator`, `id_modifier`) VALUES
(1, 0, 7, 2, ' surti', 'gdfhghdh', 'surti@gmail.com', '09876543', 'fghfghfgh', 6879879, 6879879, 2, '2017-06-18 05:46:49', '2017-06-20 00:49:50', 1, 1);

-- --------------------------------------------------------

--
-- Table structure for table `dc_pengajuan_harga_unit`
--

CREATE TABLE `dc_pengajuan_harga_unit` (
  `id` int(11) NOT NULL,
  `pengajuan_harga_id` int(11) NOT NULL,
  `unit_id` int(11) NOT NULL,
  `date_created` datetime DEFAULT NULL,
  `date_modified` datetime DEFAULT NULL,
  `id_creator` int(11) DEFAULT NULL,
  `id_modifier` int(11) DEFAULT NULL
) ENGINE=InnoDB DEFAULT CHARSET=latin1;

--
-- Dumping data for table `dc_pengajuan_harga_unit`
--

INSERT INTO `dc_pengajuan_harga_unit` (`id`, `pengajuan_harga_id`, `unit_id`, `date_created`, `date_modified`, `id_creator`, `id_modifier`) VALUES
(1, 1, 1, '2017-06-18 05:46:49', NULL, 1, NULL);

-- --------------------------------------------------------

--
-- Table structure for table `dc_rekening`
--

CREATE TABLE `dc_rekening` (
  `id` int(11) NOT NULL,
  `no_rek` varchar(45) NOT NULL,
  `bank` varchar(45) NOT NULL,
  `atas_nama` varchar(45) NOT NULL,
  `saldo` bigint(20) DEFAULT NULL,
  `date_created` datetime DEFAULT NULL,
  `date_modified` datetime DEFAULT NULL,
  `id_creator` int(11) DEFAULT NULL,
  `id_modifier` int(11) DEFAULT NULL
) ENGINE=InnoDB DEFAULT CHARSET=latin1;

--
-- Dumping data for table `dc_rekening`
--

INSERT INTO `dc_rekening` (`id`, `no_rek`, `bank`, `atas_nama`, `saldo`, `date_created`, `date_modified`, `id_creator`, `id_modifier`) VALUES
(1, '1050063888899', 'Mandiri Medan Cab. Taman Setiabudi', 'PT. Decodeidea', 0, '2017-05-30 14:18:08', NULL, 1, NULL),
(2, '301300888889', 'BTN Medan Cab. Pemuda', 'PT. Decodeidea', 0, NULL, '2017-05-30 14:37:41', NULL, 1);

-- --------------------------------------------------------

--
-- Table structure for table `dc_unit`
--

CREATE TABLE `dc_unit` (
  `id` int(11) NOT NULL,
  `area_id` int(11) NOT NULL,
  `unit_type` int(11) DEFAULT NULL,
  `name` varchar(45) DEFAULT NULL,
  `luas_netto` decimal(4,2) DEFAULT NULL,
  `luas_semigross` decimal(4,2) DEFAULT NULL,
  `number` int(11) DEFAULT NULL,
  `floor` varchar(10) NOT NULL,
  `block` varchar(45) DEFAULT NULL,
  `price` bigint(20) DEFAULT NULL,
  `struktur` varchar(45) DEFAULT NULL,
  `lantai` varchar(45) DEFAULT NULL,
  `dapur` varchar(45) DEFAULT NULL,
  `listrik` varchar(45) DEFAULT NULL,
  `dinding` varchar(45) DEFAULT NULL,
  `pintu` varchar(45) DEFAULT NULL,
  `sanitasi` varchar(45) DEFAULT NULL,
  `jendela` varchar(45) DEFAULT NULL,
  `status` int(11) DEFAULT '0',
  `date_created` datetime DEFAULT NULL,
  `date_modified` datetime DEFAULT NULL,
  `id_creator` int(11) DEFAULT NULL,
  `id_modifier` int(11) DEFAULT NULL
) ENGINE=InnoDB DEFAULT CHARSET=latin1;

--
-- Dumping data for table `dc_unit`
--

INSERT INTO `dc_unit` (`id`, `area_id`, `unit_type`, `name`, `luas_netto`, `luas_semigross`, `number`, `floor`, `block`, `price`, `struktur`, `lantai`, `dapur`, `listrik`, `dinding`, `pintu`, `sanitasi`, `jendela`, `status`, `date_created`, `date_modified`, `id_creator`, `id_modifier`) VALUES
(1, 1, 1, 'dsjh', '99.99', '0.00', 7, '', 'A01', 7879879, 'jkh', 'hkj', 'hhjk', 'khj', 'jkh', 'hk', 'hjk', 'hkj', NULL, NULL, '2017-06-16 16:26:18', NULL, 1);

-- --------------------------------------------------------

--
-- Table structure for table `dc_unit_album`
--

CREATE TABLE `dc_unit_album` (
  `id` int(11) NOT NULL,
  `unit_id` int(11) NOT NULL,
  `filename` text NOT NULL,
  `caption` varchar(45) NOT NULL,
  `date_created` datetime DEFAULT NULL,
  `date_modified` datetime DEFAULT NULL,
  `id_creator` int(11) DEFAULT NULL,
  `id_modifier` int(11) DEFAULT NULL
) ENGINE=InnoDB DEFAULT CHARSET=latin1;

-- --------------------------------------------------------

--
-- Table structure for table `dc_unit_type`
--

CREATE TABLE `dc_unit_type` (
  `id` int(11) NOT NULL,
  `name` varchar(45) NOT NULL,
  `color` varchar(200) NOT NULL,
  `date_created` datetime DEFAULT NULL,
  `date_modified` datetime DEFAULT NULL,
  `id_creator` int(11) DEFAULT NULL,
  `id_modifier` int(11) DEFAULT NULL
) ENGINE=InnoDB DEFAULT CHARSET=latin1;

--
-- Dumping data for table `dc_unit_type`
--

INSERT INTO `dc_unit_type` (`id`, `name`, `color`, `date_created`, `date_modified`, `id_creator`, `id_modifier`) VALUES
(1, 'type 5', '#000', '2017-05-29 15:45:36', NULL, 1, NULL);

-- --------------------------------------------------------

--
-- Table structure for table `dc_user`
--

CREATE TABLE `dc_user` (
  `id` int(250) NOT NULL,
  `username` varchar(250) NOT NULL,
  `password` varchar(250) NOT NULL,
  `email` varchar(250) NOT NULL,
  `first_name` varchar(250) NOT NULL,
  `last_name` varchar(250) NOT NULL,
  `photo` text NOT NULL,
  `user_group` int(10) NOT NULL,
  `date_created` datetime NOT NULL,
  `date_modified` datetime DEFAULT NULL,
  `id_creator` int(10) NOT NULL,
  `id_modifier` int(10) DEFAULT NULL
) ENGINE=InnoDB DEFAULT CHARSET=latin1;

--
-- Dumping data for table `dc_user`
--

INSERT INTO `dc_user` (`id`, `username`, `password`, `email`, `first_name`, `last_name`, `photo`, `user_group`, `date_created`, `date_modified`, `id_creator`, `id_modifier`) VALUES
(1, 'admins', '21232f297a57a5a743894a0e4a801fc3', 'admin@gmail.com', 'admin', 'webei', '16807164_1234243823400398_1687302977082263434_n.jpg', 1, '0000-00-00 00:00:00', '2017-04-17 00:12:22', 0, 1),
(2, 'ilhamudzakir', '81dc9bdb52d04dc20036dbd8313ed055', 'ilhamudzakir@gmail.com', 'ilham', 'mudzakir', '20161201_6435.jpg', 5, '2017-04-17 01:54:09', NULL, 1, NULL),
(3, 'sales', '9ed083b1436e5f40ef984b28255eef18', 'sales@sales.com', 'Sales', 'Coba', 'traxex-drow-ranger-dota-2-hd-wallpaper--busya_sama-1366x768.jpg', 6, '2017-06-15 17:11:17', NULL, 1, NULL);

--
-- Indexes for dumped tables
--

--
-- Indexes for table `dc_appearance`
--
ALTER TABLE `dc_appearance`
  ADD PRIMARY KEY (`id`);

--
-- Indexes for table `dc_area`
--
ALTER TABLE `dc_area`
  ADD PRIMARY KEY (`id`);

--
-- Indexes for table `dc_area_album`
--
ALTER TABLE `dc_area_album`
  ADD PRIMARY KEY (`id`);

--
-- Indexes for table `dc_customer`
--
ALTER TABLE `dc_customer`
  ADD PRIMARY KEY (`id`);

--
-- Indexes for table `dc_customer_album`
--
ALTER TABLE `dc_customer_album`
  ADD PRIMARY KEY (`id`);

--
-- Indexes for table `dc_data_sales`
--
ALTER TABLE `dc_data_sales`
  ADD PRIMARY KEY (`id`);

--
-- Indexes for table `dc_default`
--
ALTER TABLE `dc_default`
  ADD PRIMARY KEY (`id`);

--
-- Indexes for table `dc_groups`
--
ALTER TABLE `dc_groups`
  ADD PRIMARY KEY (`id`);

--
-- Indexes for table `dc_icons`
--
ALTER TABLE `dc_icons`
  ADD PRIMARY KEY (`id`);

--
-- Indexes for table `dc_kontrak`
--
ALTER TABLE `dc_kontrak`
  ADD PRIMARY KEY (`id`);

--
-- Indexes for table `dc_kontrak_payment_record`
--
ALTER TABLE `dc_kontrak_payment_record`
  ADD PRIMARY KEY (`id`);

--
-- Indexes for table `dc_kontrak_payment_schedule`
--
ALTER TABLE `dc_kontrak_payment_schedule`
  ADD PRIMARY KEY (`id`);

--
-- Indexes for table `dc_kontrak_type`
--
ALTER TABLE `dc_kontrak_type`
  ADD PRIMARY KEY (`id`);

--
-- Indexes for table `dc_kontrak_unit`
--
ALTER TABLE `dc_kontrak_unit`
  ADD PRIMARY KEY (`id`);

--
-- Indexes for table `dc_menu`
--
ALTER TABLE `dc_menu`
  ADD PRIMARY KEY (`id`);

--
-- Indexes for table `dc_menu_accsess`
--
ALTER TABLE `dc_menu_accsess`
  ADD PRIMARY KEY (`id`);

--
-- Indexes for table `dc_payment_scheme`
--
ALTER TABLE `dc_payment_scheme`
  ADD PRIMARY KEY (`id`);

--
-- Indexes for table `dc_payment_scheme_detail`
--
ALTER TABLE `dc_payment_scheme_detail`
  ADD PRIMARY KEY (`id`);

--
-- Indexes for table `dc_payment_type`
--
ALTER TABLE `dc_payment_type`
  ADD PRIMARY KEY (`id`);

--
-- Indexes for table `dc_pemasukan_record`
--
ALTER TABLE `dc_pemasukan_record`
  ADD PRIMARY KEY (`id`);

--
-- Indexes for table `dc_pengajuan_harga`
--
ALTER TABLE `dc_pengajuan_harga`
  ADD PRIMARY KEY (`id`);

--
-- Indexes for table `dc_pengajuan_harga_unit`
--
ALTER TABLE `dc_pengajuan_harga_unit`
  ADD PRIMARY KEY (`id`);

--
-- Indexes for table `dc_rekening`
--
ALTER TABLE `dc_rekening`
  ADD PRIMARY KEY (`id`);

--
-- Indexes for table `dc_unit`
--
ALTER TABLE `dc_unit`
  ADD PRIMARY KEY (`id`);

--
-- Indexes for table `dc_unit_album`
--
ALTER TABLE `dc_unit_album`
  ADD PRIMARY KEY (`id`);

--
-- Indexes for table `dc_unit_type`
--
ALTER TABLE `dc_unit_type`
  ADD PRIMARY KEY (`id`);

--
-- Indexes for table `dc_user`
--
ALTER TABLE `dc_user`
  ADD PRIMARY KEY (`id`);

--
-- AUTO_INCREMENT for dumped tables
--

--
-- AUTO_INCREMENT for table `dc_appearance`
--
ALTER TABLE `dc_appearance`
  MODIFY `id` int(100) NOT NULL AUTO_INCREMENT, AUTO_INCREMENT=2;
--
-- AUTO_INCREMENT for table `dc_area`
--
ALTER TABLE `dc_area`
  MODIFY `id` int(11) NOT NULL AUTO_INCREMENT, AUTO_INCREMENT=2;
--
-- AUTO_INCREMENT for table `dc_area_album`
--
ALTER TABLE `dc_area_album`
  MODIFY `id` int(11) NOT NULL AUTO_INCREMENT, AUTO_INCREMENT=2;
--
-- AUTO_INCREMENT for table `dc_customer`
--
ALTER TABLE `dc_customer`
  MODIFY `id` int(11) NOT NULL AUTO_INCREMENT, AUTO_INCREMENT=8;
--
-- AUTO_INCREMENT for table `dc_customer_album`
--
ALTER TABLE `dc_customer_album`
  MODIFY `id` int(11) NOT NULL AUTO_INCREMENT;
--
-- AUTO_INCREMENT for table `dc_data_sales`
--
ALTER TABLE `dc_data_sales`
  MODIFY `id` int(11) NOT NULL AUTO_INCREMENT;
--
-- AUTO_INCREMENT for table `dc_default`
--
ALTER TABLE `dc_default`
  MODIFY `id` int(100) NOT NULL AUTO_INCREMENT;
--
-- AUTO_INCREMENT for table `dc_groups`
--
ALTER TABLE `dc_groups`
  MODIFY `id` int(100) NOT NULL AUTO_INCREMENT, AUTO_INCREMENT=9;
--
-- AUTO_INCREMENT for table `dc_icons`
--
ALTER TABLE `dc_icons`
  MODIFY `id` int(100) NOT NULL AUTO_INCREMENT, AUTO_INCREMENT=32;
--
-- AUTO_INCREMENT for table `dc_kontrak`
--
ALTER TABLE `dc_kontrak`
  MODIFY `id` int(11) NOT NULL AUTO_INCREMENT, AUTO_INCREMENT=38;
--
-- AUTO_INCREMENT for table `dc_kontrak_payment_record`
--
ALTER TABLE `dc_kontrak_payment_record`
  MODIFY `id` int(11) NOT NULL AUTO_INCREMENT;
--
-- AUTO_INCREMENT for table `dc_kontrak_payment_schedule`
--
ALTER TABLE `dc_kontrak_payment_schedule`
  MODIFY `id` int(11) NOT NULL AUTO_INCREMENT, AUTO_INCREMENT=195;
--
-- AUTO_INCREMENT for table `dc_kontrak_type`
--
ALTER TABLE `dc_kontrak_type`
  MODIFY `id` int(11) NOT NULL AUTO_INCREMENT, AUTO_INCREMENT=4;
--
-- AUTO_INCREMENT for table `dc_kontrak_unit`
--
ALTER TABLE `dc_kontrak_unit`
  MODIFY `id` int(11) NOT NULL AUTO_INCREMENT, AUTO_INCREMENT=32;
--
-- AUTO_INCREMENT for table `dc_menu`
--
ALTER TABLE `dc_menu`
  MODIFY `id` int(100) NOT NULL AUTO_INCREMENT, AUTO_INCREMENT=36;
--
-- AUTO_INCREMENT for table `dc_menu_accsess`
--
ALTER TABLE `dc_menu_accsess`
  MODIFY `id` int(100) NOT NULL AUTO_INCREMENT, AUTO_INCREMENT=74;
--
-- AUTO_INCREMENT for table `dc_payment_scheme`
--
ALTER TABLE `dc_payment_scheme`
  MODIFY `id` int(11) NOT NULL AUTO_INCREMENT, AUTO_INCREMENT=2;
--
-- AUTO_INCREMENT for table `dc_payment_scheme_detail`
--
ALTER TABLE `dc_payment_scheme_detail`
  MODIFY `id` int(11) NOT NULL AUTO_INCREMENT, AUTO_INCREMENT=8;
--
-- AUTO_INCREMENT for table `dc_payment_type`
--
ALTER TABLE `dc_payment_type`
  MODIFY `id` int(11) NOT NULL AUTO_INCREMENT, AUTO_INCREMENT=4;
--
-- AUTO_INCREMENT for table `dc_pemasukan_record`
--
ALTER TABLE `dc_pemasukan_record`
  MODIFY `id` int(11) NOT NULL AUTO_INCREMENT;
--
-- AUTO_INCREMENT for table `dc_pengajuan_harga`
--
ALTER TABLE `dc_pengajuan_harga`
  MODIFY `id` int(11) NOT NULL AUTO_INCREMENT, AUTO_INCREMENT=2;
--
-- AUTO_INCREMENT for table `dc_pengajuan_harga_unit`
--
ALTER TABLE `dc_pengajuan_harga_unit`
  MODIFY `id` int(11) NOT NULL AUTO_INCREMENT, AUTO_INCREMENT=2;
--
-- AUTO_INCREMENT for table `dc_rekening`
--
ALTER TABLE `dc_rekening`
  MODIFY `id` int(11) NOT NULL AUTO_INCREMENT, AUTO_INCREMENT=3;
--
-- AUTO_INCREMENT for table `dc_unit`
--
ALTER TABLE `dc_unit`
  MODIFY `id` int(11) NOT NULL AUTO_INCREMENT, AUTO_INCREMENT=2;
--
-- AUTO_INCREMENT for table `dc_unit_album`
--
ALTER TABLE `dc_unit_album`
  MODIFY `id` int(11) NOT NULL AUTO_INCREMENT;
--
-- AUTO_INCREMENT for table `dc_unit_type`
--
ALTER TABLE `dc_unit_type`
  MODIFY `id` int(11) NOT NULL AUTO_INCREMENT, AUTO_INCREMENT=2;
--
-- AUTO_INCREMENT for table `dc_user`
--
ALTER TABLE `dc_user`
  MODIFY `id` int(250) NOT NULL AUTO_INCREMENT, AUTO_INCREMENT=4;
/*!40101 SET CHARACTER_SET_CLIENT=@OLD_CHARACTER_SET_CLIENT */;
/*!40101 SET CHARACTER_SET_RESULTS=@OLD_CHARACTER_SET_RESULTS */;
/*!40101 SET COLLATION_CONNECTION=@OLD_COLLATION_CONNECTION */;
